INSERT INTO USERS(ID, USERNAME, PASSWORD, ROLE) VALUES (100, 'celler@email.com', '$2y$10$vMAUxiwBYq9NL5p67S2bp.4p7m/3VbXZzWD5eDrilfEdz13gy9m3a', 'ROLE_ADMIN');
INSERT INTO USERS(ID, USERNAME, PASSWORD, ROLE) VALUES (101, 'nreis@email.com', '$2y$10$vMAUxiwBYq9NL5p67S2bp.4p7m/3VbXZzWD5eDrilfEdz13gy9m3a', 'ROLE_CLIENT');
INSERT INTO USERS(ID, USERNAME, PASSWORD, ROLE) VALUES (102, 'dviana@email.com', '$2y$10$vMAUxiwBYq9NL5p67S2bp.4p7m/3VbXZzWD5eDrilfEdz13gy9m3a', 'ROLE_CLIENT');

INSERT INTO CLIENTS(ID, NAME, CPF, USER_ID) VALUES (21, 'Nando Reis', '19913027039', 101);
INSERT INTO CLIENTS(ID, NAME, CPF, USER_ID) VALUES (22, 'Djavan Viana', '57522693004', 102);

INSERT INTO SPOTS(ID, CODE, STATUS) VALUES (100, 'A-01', 'OCCUPIED');
INSERT INTO SPOTS(ID, CODE, STATUS) VALUES (200, 'A-02', 'OCCUPIED');
INSERT INTO SPOTS(ID, CODE, STATUS) VALUES (300, 'A-03', 'OCCUPIED');
INSERT INTO SPOTS(ID, CODE, STATUS) VALUES (400, 'A-04', 'OCCUPIED');
INSERT INTO SPOTS(ID, CODE, STATUS) VALUES (500, 'A-05', 'OCCUPIED');

INSERT INTO CLIENTS_HAVE_SPOTS(RECEIPT_NUMBER, LICENSE_PLATE, BRAND, MODEL, COLOR, ENTRY_DATE, CLIENT_ID, SPOT_ID) 
	VALUES ('20230313-101300', 'FIT-1010', 'FIAT', 'PALIO', 'GREEN', '2023-03-13 10:15:00', 22, 100);
INSERT INTO CLIENTS_HAVE_SPOTS(RECEIPT_NUMBER, LICENSE_PLATE, BRAND, MODEL, COLOR, ENTRY_DATE, CLIENT_ID, SPOT_ID) 
	VALUES ('20230314-101400', 'SIE-1020', 'FIAT', 'SIENA', 'WHITE', '2023-03-14 10:15:00', 21, 200);
INSERT INTO CLIENTS_HAVE_SPOTS(RECEIPT_NUMBER, LICENSE_PLATE, BRAND, MODEL, COLOR, ENTRY_DATE, CLIENT_ID, SPOT_ID) 
	VALUES ('20230315-101500', 'FIT-1030', 'FIAT', 'PALIO', 'GREEN', '2023-03-14 10:15:00', 22, 300);
INSERT INTO CLIENTS_HAVE_SPOTS(RECEIPT_NUMBER, LICENSE_PLATE, BRAND, MODEL, COLOR, ENTRY_DATE, CLIENT_ID, SPOT_ID) 
	VALUES ('20230316-101600', 'SIE-1040', 'FIAT', 'SIENA', 'GREEN', '2023-03-14 10:15:00', 21, 400);
INSERT INTO CLIENTS_HAVE_SPOTS(RECEIPT_NUMBER, LICENSE_PLATE, BRAND, MODEL, COLOR, ENTRY_DATE, CLIENT_ID, SPOT_ID) 
	VALUES ('20230317-101700', 'SIE-1050', 'FIAT', 'SIENA', 'GREEN', '2023-03-14 10:15:00', 22, 500);